"Subject_ID","Exp_id","Age","Gender","Handedness","Ethnicity","Employment_Status","Country","First_Language","Education"
"612ca983e3b41811470cefae","Ps1E1","/","/","/","/","/","/","/","/"
"61298eaadde17b9139f37d89","Ps1E1","/","/","/","/","/","/","/","/"
"563fa227074be600115e9642","Ps1E1","/","/","/","/","/","/","/","/"
"5e0e40e0500f0658c9663bc0","Ps1E1","/","/","/","/","/","/","/","/"
"59ea15472f63d30001c8fef2","Ps1E1","/","/","/","/","/","/","/","/"
"610696f0312c0f847b999f29","Ps1E1","/","/","/","/","/","/","/","/"
"612b768977d58c88edddf8d0","Ps1E1","/","/","/","/","/","/","/","/"
"612bce5b919a7b2ddecbd9b1","Ps1E1","/","/","/","/","/","/","/","/"
"612bea3be65f0e6cd5a24096","Ps1E1","/","/","/","/","/","/","/","/"
"6128e88f296442d604f055bf","Ps1E1","/","/","/","/","/","/","/","/"
"612951868360691b1e4aba2c","Ps1E1","/","/","/","/","/","/","/","/"
"612aec9a4f35ebef2215b062","Ps1E1","/","/","/","/","/","/","/","/"
"6128d6382cc998a2faf6bb54","Ps1E1","/","/","/","/","/","/","/","/"
"60e8aaf4bdf53d33efac87d5","Ps1E1","/","/","/","/","/","/","/","/"
"6126b98f5cac5168230a3f7e","Ps1E1","/","/","/","/","/","/","/","/"
"611bf48b18dbae44338331b0","Ps1E1","/","/","/","/","/","/","/","/"
"611fa3e3acb75ccc020bdd15","Ps1E1","/","/","/","/","/","/","/","/"
"612260212bca88a5fbb851b6","Ps1E1","/","/","/","/","/","/","/","/"
"5ca8ad03a1e8400001fbe68c","Ps1E1","/","/","/","/","/","/","/","/"
"5ed37e458e0e6a1e0c8fe2a6","Ps1E1","/","/","/","/","/","/","/","/"
"61274fd2b46c17c341ed7d71","Ps1E1","/","/","/","/","/","/","/","/"
"6124e48c386ab4df50aeedb1","Ps1E1","/","/","/","/","/","/","/","/"
"6096bab8c7231f61bb54dd29","Ps1E1","/","/","/","/","/","/","/","/"
"6101c77c0484a237e64b6d97","Ps1E1","/","/","/","/","/","/","/","/"
"5a9b273089de8200013f0bca","Ps1E1","/","/","/","/","/","/","/","/"
"61004c03de19180232faed53","Ps1E1","/","/","/","/","/","/","/","/"
"60da1f2c84d5d4b2e46989c1","Ps1E1","/","/","/","/","/","/","/","/"
"612577d6c2728428c811d3f9","Ps1E1","/","/","/","/","/","/","/","/"
"5cb0cb8adb229600183b6cba","Ps1E1","/","/","/","/","/","/","/","/"
"5ed4bba6bd73d9482bfc6170","Ps1E1","/","/","/","/","/","/","/","/"
"611fa90dec6e344de2328c25","Ps1E1","/","/","/","/","/","/","/","/"
"603b750eab9d377aeac41724","Ps1E1","/","/","/","/","/","/","/","/"
"6114ec24aa7f97ccf407daeb","Ps1E1","/","/","/","/","/","/","/","/"
"57d74ff1ea00cf0001d47148","Ps1E1","/","/","/","/","/","/","/","/"
"61222f18d8449a7c44f112d5","Ps1E1","/","/","/","/","/","/","/","/"
"6127b32b912465823dca1e4b","Ps1E1","/","/","/","/","/","/","/","/"
"6126130bbf30a7cd92ce3719","Ps1E1","/","/","/","/","/","/","/","/"
"6123519eeb9d4e4df41ad7d8","Ps1E1","/","/","/","/","/","/","/","/"
"612425e5187beb575a2775eb","Ps1E1","/","/","/","/","/","/","/","/"
"6103182e40f7002da51b25b3","Ps1E1","/","/","/","/","/","/","/","/"
"61032df551d855a2be8b9b47","Ps1E1","/","/","/","/","/","/","/","/"
"612b5af5802cf5fa754416d7","Ps1E1","/","/","/","/","/","/","/","/"
"6114ebb55abe15022613d917","Ps1E1","/","/","/","/","/","/","/","/"
"5ef34cc943115906d6aa397f","Ps1E1","/","/","/","/","/","/","/","/"
"6127a0c1b88c8dbeca015647","Ps1E1","/","/","/","/","/","/","/","/"
"5d14bad3e21fec000174b1b1","Ps1E1","/","/","/","/","/","/","/","/"
"6125f32da0a5e7e607d78376","Ps1E1","/","/","/","/","/","/","/","/"
"5f1ea8b1f7935c889567c910","Ps1E1","/","/","/","/","/","/","/","/"
"6102613ec906ad88772be8e0","Ps1E1","/","/","/","/","/","/","/","/"
"5bc0941074e76c00019e9479","Ps1E1","/","/","/","/","/","/","/","/"
"61099252f0a90d8267d225ef","Ps1E1","/","/","/","/","/","/","/","/"
"611f964ddf24943e95bb0704","Ps1E1","/","/","/","/","/","/","/","/"
"61250df294a7c7b186c7f838","Ps1E1","/","/","/","/","/","/","/","/"
"5a5679b58e6259000175bec5","Ps1E1","/","/","/","/","/","/","/","/"
"6107e7a255c9cc81cc5cce62","Ps1E1","/","/","/","/","/","/","/","/"
"5885129a6907b40001de425a","Ps1E1","/","/","/","/","/","/","/","/"
"611e8e72d3f7c080df93392b","Ps1E1","/","/","/","/","/","/","/","/"
"5e5e7da87717c1000e06d0a7","Ps1E1","/","/","/","/","/","/","/","/"
"5ec7e258f052ac26af7aafc5","Ps1E1","/","/","/","/","/","/","/","/"
"5ee27217fd7c7c72eb755cbe","Ps1E1","/","/","/","/","/","/","/","/"
"611f9ce1441528c05eba16db","Ps1E1","/","/","/","/","/","/","/","/"
"6106cb0c85585190ce5f1fca","Ps1E1","/","/","/","/","/","/","/","/"
"5be4a8be73c40300018c6618","Ps1E1","/","/","/","/","/","/","/","/"
"61265ecd41354d9b45015092","Ps1E1","/","/","/","/","/","/","/","/"
"611c06063189628b4b4fdd6f","Ps1E1","/","/","/","/","/","/","/","/"
"5a31373183019b00012f6322","Ps1E1","/","/","/","/","/","/","/","/"
"61179c38b9a23111c762b63f","Ps1E1","/","/","/","/","/","/","/","/"
"6107e68376cd1e7c237d62c0","Ps1E1","/","/","/","/","/","/","/","/"
"5ff5a8e4c4d15f034f60ce96","Ps1E1","/","/","/","/","/","/","/","/"
"60df1e4c7cca77afcbb9ca9d","Ps1E1","/","/","/","/","/","/","/","/"
"5a465b1756ec1100014a317f","Ps1E1","/","/","/","/","/","/","/","/"
"5b387415b6b4410001610900","Ps1E1","/","/","/","/","/","/","/","/"
"5fc00a11268eb941e7d8b066","Ps1E1","/","/","/","/","/","/","/","/"
"612e1845f3d2a7d4758f3542","Ps1E1","/","/","/","/","/","/","/","/"
"612bd6af7f0e3cb392d9fb72","Ps1E1","/","/","/","/","/","/","/","/"
"612d1dbde5ad4d2658576616","Ps1E1","/","/","/","/","/","/","/","/"
"612cf7a8720dba13eec6530a","Ps1E1","/","/","/","/","/","/","/","/"
"611bb590ea3f23fa15263515","Ps1E1","/","/","/","/","/","/","/","/"
"5fae94139e3e000514872491","Ps1E1","/","/","/","/","/","/","/","/"
"5b8707288e5b7500014c5714","Ps1E1","/","/","/","/","/","/","/","/"
"5ece8aec61cfc90a2216bf22","Ps1E1","/","/","/","/","/","/","/","/"
"5ea81c884920c72209a75fe1","Ps1E1","/","/","/","/","/","/","/","/"
"5bc0dc48d704e8000142e932","Ps1E1","/","/","/","/","/","/","/","/"
"5f8df9b046603e1a0159e80d","Ps1E1","/","/","/","/","/","/","/","/"
"59f9d400be9c0c0001486fed","Ps1E1","/","/","/","/","/","/","/","/"
"6129a76fa6dae89af43d80d7","Ps1E1","/","/","/","/","/","/","/","/"
"612154fcba58d97a1c78207b","Ps1E1","/","/","/","/","/","/","/","/"
"611f3c7e6f8cb73ad45c7af4","Ps1E1","/","/","/","/","/","/","/","/"
"6130df5c02bae2b52e673b56","Ps1E1","/","/","/","/","/","/","/","/"
"6130b04db025b14681d74e6b","Ps1E1","/","/","/","/","/","/","/","/"
"613001415d2982f94f6aff92","Ps1E1","/","/","/","/","/","/","/","/"
"6130ea39da3a6f2c11b441d0","Ps1E1","/","/","/","/","/","/","/","/"
"61250cf715d2efbd943ae5d7","Ps1E1","/","/","/","/","/","/","/","/"
"612caab4e14fe08379dac54e","Ps1E1","/","/","/","/","/","/","/","/"
"612e7d503f1d659d6c2112e8","Ps1E1","/","/","/","/","/","/","/","/"
"612f98c4ad7685ac9907b13d","Ps1E1","/","/","/","/","/","/","/","/"
"612e84246be2cbd9a86173f8","Ps1E1","/","/","/","/","/","/","/","/"
"612f4a36268888b428b97bb1","Ps1E1","/","/","/","/","/","/","/","/"
"603d6983e8d8bdcd1821eb2c","Ps1E1","/","/","/","/","/","/","/","/"
"5f7a484c16f58b6aa514c2b2","Ps1E1","/","/","/","/","/","/","/","/"
"61255dffce15531f4c4016cb","Ps1E1","/","/","/","/","/","/","/","/"
"60fd2a17b264fe0bfecd0537","Ps1E1","/","/","/","/","/","/","/","/"
"6130c7f7d0112fa23b17079c","Ps1E1","/","/","/","/","/","/","/","/"
"5ff064aa6079e13b81967c15","Ps1E1","/","/","/","/","/","/","/","/"
"5952a89ca0266b000195a043","Ps1E1","/","/","/","/","/","/","/","/"
"5e8a62bdf3599409e0b61b1a","Ps1E1","/","/","/","/","/","/","/","/"
"612f4efe7a2e36e60e3254a7","Ps1E1","/","/","/","/","/","/","/","/"
"610b092cbce6730705debff1","Ps1E1","/","/","/","/","/","/","/","/"
"5e7913432d882b4c86a0cc4e","Ps1E1","/","/","/","/","/","/","/","/"
"592a836f6109cd00010bc414","Ps1E1","/","/","/","/","/","/","/","/"
"5f01c6bf8b6d1e3258ae7048","Ps1E1","/","/","/","/","/","/","/","/"
"60e5c81f1e433498c4096b06","Ps1E1","/","/","/","/","/","/","/","/"
"612faedae9ff56b775e3cee5","Ps1E1","/","/","/","/","/","/","/","/"
"59c2fa00e3a73b00011a8e34","Ps1E1","/","/","/","/","/","/","/","/"
"612f70c8c6c0e05dc219d3a5","Ps1E1","/","/","/","/","/","/","/","/"
"60ff1667b0f60b9f6ac46bc4","Ps1E1","/","/","/","/","/","/","/","/"
"60fe5cfc2024ff836570281d","Ps1E1","/","/","/","/","/","/","/","/"
"5a8d1e41b093f80001a81db0","Ps1E1","/","/","/","/","/","/","/","/"
"6125369eba561fedb9d11570","Ps1E1","/","/","/","/","/","/","/","/"
"5880ebe10e568e0001ca4498","Ps1E1","/","/","/","/","/","/","/","/"
"5e33f55dcb3c093b7c66ff74","Ps1E1","/","/","/","/","/","/","/","/"
"6126d6baa9604250e1ff5c67","Ps1E1","/","/","/","/","/","/","/","/"
"5b494218ff7497000125219a","Ps1E1","/","/","/","/","/","/","/","/"
"5c97b6a86824aa0016d631ae","Ps1E1","/","/","/","/","/","/","/","/"
"5a7622caf49c9a0001f2f7a8","Ps1E1","/","/","/","/","/","/","/","/"
"5fbacf8a8f01f4b486dea42a","Ps1E1","/","/","/","/","/","/","/","/"
"60ab9e649e9587f020d43ede","Ps1E1","/","/","/","/","/","/","/","/"
"606773f837d25c66136f101a","Ps1E1","/","/","/","/","/","/","/","/"
"60ff0638874e149ef99be33f","Ps1E1","/","/","/","/","/","/","/","/"
"5660c8ff9df648001102f010","Ps1E1","/","/","/","/","/","/","/","/"
"612750d1b4b479b222840349","Ps1E1","/","/","/","/","/","/","/","/"
"5eb35d8af0431115bf8876bd","Ps1E1","/","/","/","/","/","/","/","/"
"56e57ee3b2093a000c4f1217","Ps1E1","/","/","/","/","/","/","/","/"
"612f8d3ed98074b4818f91ca","Ps1E1","/","/","/","/","/","/","/","/"
"6087c78f3af15fcdfbefdd58","Ps1E1","/","/","/","/","/","/","/","/"
"57a78015454e5400015f57ec","Ps1E1","/","/","/","/","/","/","/","/"
"5a7226d9f660ae0001a9a547","Ps1E1","/","/","/","/","/","/","/","/"
"60cb64b3a10f0d8cdadc721d","Ps1E1","/","/","/","/","/","/","/","/"
"59a1a661ec2f75000124eea6","Ps1E1","/","/","/","/","/","/","/","/"
"5f8ece6117db5206eafc8b73","Ps1E1","/","/","/","/","/","/","/","/"
"5f345b72710476368f1bc455","Ps1E1","/","/","/","/","/","/","/","/"
"5800eb53beccf8000100cb06","Ps1E1","/","/","/","/","/","/","/","/"
"60eeb0a836a4944d2c1c17ef","Ps1E1","/","/","/","/","/","/","/","/"
"612d30390bcc548b8a9801bb","Ps1E1","/","/","/","/","/","/","/","/"
"611144a74cda343b3f077ff5","Ps1E1","/","/","/","/","/","/","/","/"
"59a817a969b7e70001fe5d38","Ps1E1","/","/","/","/","/","/","/","/"
"5faed3b0bc045b08acb353e0","Ps1E1","/","/","/","/","/","/","/","/"
"6041432b35b371016982aba7","Ps1E1","/","/","/","/","/","/","/","/"
"6123b17f5eed73073830130a","Ps1E1","/","/","/","/","/","/","/","/"
"6100244acb27466cf1009a44","Ps1E1","/","/","/","/","/","/","/","/"
"55b79fb0fdf99b16cb00217d","Ps1E1","/","/","/","/","/","/","/","/"
"5bd046302c109500017a4232","Ps1E1","/","/","/","/","/","/","/","/"
"610bb3c9b200924f787fe765","Ps1E1","/","/","/","/","/","/","/","/"
"56872a0b369319000c269035","Ps1E1","/","/","/","/","/","/","/","/"
"611112e93084c23106c91e03","Ps1E1","/","/","/","/","/","/","/","/"
"5db07d0f3b276c00161dc217","Ps1E1","/","/","/","/","/","/","/","/"
"61257fb6fce8b02f5951cdad","Ps1E1","/","/","/","/","/","/","/","/"
"611fb05392a0c1364a435eed","Ps1E1","/","/","/","/","/","/","/","/"
"5c98c51774cc7f0001e67c8c","Ps1E1","/","/","/","/","/","/","/","/"
"61017941304cf7ac38c2e110","Ps1E1","/","/","/","/","/","/","/","/"
"5c6838ea5f8d580001e8a8ab","Ps1E1","/","/","/","/","/","/","/","/"
"605e9cc770aa6d1947d02bfa","Ps1E1","/","/","/","/","/","/","/","/"
"6127946906fd58b5fe50e00c","Ps1E1","/","/","/","/","/","/","/","/"
"612fb15d56c59433b5cde7ee","Ps1E1","/","/","/","/","/","/","/","/"
"5f0c92274d299e0e5f26e40a","Ps1E1","/","/","/","/","/","/","/","/"
"5d41d44ca9b235000187052d","Ps1E1","/","/","/","/","/","/","/","/"
"5f2e54e48f06be1c7e38c243","Ps1E1","/","/","/","/","/","/","/","/"
"612d18baf58abea6585a18e7","Ps1E1","/","/","/","/","/","/","/","/"
"5eca46c6c1e2c601290bab15","Ps1E1","/","/","/","/","/","/","/","/"
"612eb27ffda153fd8792e92d","Ps1E1","/","/","/","/","/","/","/","/"
"5f0f64a8e59af310ac23f180","Ps1E1","/","/","/","/","/","/","/","/"
"610b94e651ce8595d755f9dd","Ps1E1","/","/","/","/","/","/","/","/"
"5c76f698374321001812fe71","Ps1E1","/","/","/","/","/","/","/","/"
"59b6fc6662b30d0001b7a8bb","Ps1E1","/","/","/","/","/","/","/","/"
"6123acc62c8572e39a8f4166","Ps1E1","/","/","/","/","/","/","/","/"
"6056ab0dcc49b8348d6b6e1c","Ps1E1","/","/","/","/","/","/","/","/"
"611ab62b95d53e7322d0caaf","Ps1E1","/","/","/","/","/","/","/","/"
"61167663afe155e75f71d23d","Ps1E1","/","/","/","/","/","/","/","/"
"5eb07211feeec21101fb6bef","Ps1E1","/","/","/","/","/","/","/","/"
"611aea14c2f5855174120bf4","Ps1E1","/","/","/","/","/","/","/","/"
"615ca3c0d39b87719963c27f","Ps1E1","/","/","/","/","/","/","/","/"
"5d3217c0cf37440019b158f9","Ps1E1","/","/","/","/","/","/","/","/"
"615c2c23e7c3b3849bcc7f46","Ps1E1","/","/","/","/","/","/","/","/"
"59072cc9561222000163bbef","Ps1E1","/","/","/","/","/","/","/","/"
"614a097c989248186cb20d10","Ps1E1","/","/","/","/","/","/","/","/"
"61572437c09500ae2d08e0c4","Ps1E1","/","/","/","/","/","/","/","/"
"6157467e0a080dc279cf5a49","Ps1E1","/","/","/","/","/","/","/","/"
"615c54b9081da07268b6d227","Ps1E1","/","/","/","/","/","/","/","/"
"6159a91b6f0d57fb9bdf6c74","Ps1E1","/","/","/","/","/","/","/","/"
"615b74f39189f2568c8aa894","Ps1E1","/","/","/","/","/","/","/","/"
"582ecbacc2e1310001685463","Ps1E1","/","/","/","/","/","/","/","/"
"614f4057759fd979912d6997","Ps1E1","/","/","/","/","/","/","/","/"
"615afc4b6a313ec070c76d4c","Ps1E1","/","/","/","/","/","/","/","/"
"615c100bc96ed7f86c2ee521","Ps1E1","/","/","/","/","/","/","/","/"
"615ade23a4ff679c20cab0be","Ps1E1","/","/","/","/","/","/","/","/"
"6148bc1bdbcb6cbfd0b782a9","Ps1E1","/","/","/","/","/","/","/","/"
"5bc06ed838a7a50001f339c7","Ps1E1","/","/","/","/","/","/","/","/"
"61599029e4c9f8af28558aea","Ps1E1","/","/","/","/","/","/","/","/"
"615c49ef513583533427c961","Ps1E1","/","/","/","/","/","/","/","/"
"61572e803b76abc80ae18538","Ps1E1","/","/","/","/","/","/","/","/"
"590c5b82d919990001f8464f","Ps1E1","/","/","/","/","/","/","/","/"
"5d9de18052f653001591da95","Ps1E1","/","/","/","/","/","/","/","/"
"615ac1d2e054fc9ec0ccadbb","Ps1E1","/","/","/","/","/","/","/","/"
"6155fca9576c660900349633","Ps1E1","/","/","/","/","/","/","/","/"
"6128cc858ede754e70976dc9","Ps1E1","/","/","/","/","/","/","/","/"
"614b2fe03bc3e5bbfe20ef71","Ps1E1","/","/","/","/","/","/","/","/"
"615b160bee80e03b60a3db53","Ps1E1","/","/","/","/","/","/","/","/"
"615af0e93737769ed4c2abe4","Ps1E1","/","/","/","/","/","/","/","/"
"613f5cb345491df125857ce9","Ps1E1","/","/","/","/","/","/","/","/"
"614b84c1d3b2fda7ffa325fe","Ps1E1","/","/","/","/","/","/","/","/"
"6141fa63ef7a7d337e218eea","Ps1E1","/","/","/","/","/","/","/","/"
"615a17c90199096a5bbe0f48","Ps1E1","/","/","/","/","/","/","/","/"
"6158a393006089c341aea029","Ps1E1","/","/","/","/","/","/","/","/"
"6107ac8f64f6fba2fa7f00c7","Ps1E1","/","/","/","/","/","/","/","/"
"60f5bec02cfb37c409b94f3e","Ps1E1","/","/","/","/","/","/","/","/"
"6128188a420f8d3f27f8d8b1","Ps1E1","/","/","/","/","/","/","/","/"
"5c4602713d08e80001369876","Ps1E1","/","/","/","/","/","/","/","/"
"5fa684da96a7d72b1c1306e5","Ps1E1","/","/","/","/","/","/","/","/"
"614d5924ad258079acfab548","Ps1E1","/","/","/","/","/","/","/","/"
"5e25e1933bb6fc03aaac6ef3","Ps1E1","/","/","/","/","/","/","/","/"
"5ea7e6404920c71db37018f8","Ps1E1","/","/","/","/","/","/","/","/"
"6159f6930f0fee3e48196ee3","Ps1E1","/","/","/","/","/","/","/","/"
"57616681544688000767f23f","Ps1E1","/","/","/","/","/","/","/","/"
"614ed0cf0840afa76398fb7a","Ps1E1","/","/","/","/","/","/","/","/"
"5aec1707c09cd900015d7408","Ps1E1","/","/","/","/","/","/","/","/"
"615734b16b50355d4521f849","Ps1E1","/","/","/","/","/","/","/","/"
"6152093261262eeeec18b078","Ps1E1","/","/","/","/","/","/","/","/"
"6153639999630a50268d3a3b","Ps1E1","/","/","/","/","/","/","/","/"
"6151556ef73ba765c7ff55f6","Ps1E1","/","/","/","/","/","/","/","/"
"613138f8290f0170a514ab6c","Ps1E1","/","/","/","/","/","/","/","/"
"5db17781a669260011ca8e3d","Ps1E1","/","/","/","/","/","/","/","/"
"5a95a7ac6475f900019fc16b","Ps1E1","/","/","/","/","/","/","/","/"
"61489f2c93c97fe2a1e39c2b","Ps1E1","/","/","/","/","/","/","/","/"
"601b0c461d236c467656618b","Ps1E1","/","/","/","/","/","/","/","/"
"60590ecf08f31447cd7eaad5","Ps1E1","/","/","/","/","/","/","/","/"
"614f438b3c983924658b7f14","Ps1E1","/","/","/","/","/","/","/","/"
"61519b12308c0d1f14242779","Ps1E1","/","/","/","/","/","/","/","/"
"615220334ed6a7af13e48ef8","Ps1E1","/","/","/","/","/","/","/","/"
"615810ccd2831270292e2356","Ps1E1","/","/","/","/","/","/","/","/"
"5b490405bc06c90001f8d6a5","Ps1E1","/","/","/","/","/","/","/","/"
"60a4da8d76b10c765fe2ad07","Ps1E1","/","/","/","/","/","/","/","/"
"6147a549bf7a60b2fc8a13f5","Ps1E1","/","/","/","/","/","/","/","/"
"6148574991df9ef24fea8fd1","Ps1E1","/","/","/","/","/","/","/","/"
"5b01842bc573030001c345e0","Ps1E1","/","/","/","/","/","/","/","/"
"5ba81e70c2358e0001d27708","Ps1E1","/","/","/","/","/","/","/","/"
"5e1cd788dadbe004c8b632b7","Ps1E1","/","/","/","/","/","/","/","/"
"615e95eddff82cf25e73abb2","Ps1E1","/","/","/","/","/","/","/","/"
"61603594da220b1a4dbac2ec","Ps1E1","/","/","/","/","/","/","/","/"
"615e28037d6804e6d398931c","Ps1E1","/","/","/","/","/","/","/","/"
"6135e7b5cee1fa986fd5aebf","Ps1E1","/","/","/","/","/","/","/","/"
"6161a24d7d7f916194c4da52","Ps1E1","/","/","/","/","/","/","/","/"
"6160717242827a64a55d99ad","Ps1E1","/","/","/","/","/","/","/","/"
"615ec4f34cb81d7e58fa144c","Ps1E1","/","/","/","/","/","/","/","/"
"615601575b129f8e81ef0a7d","Ps1E1","/","/","/","/","/","/","/","/"
"615c5a93bc73540e77449baa","Ps1E1","/","/","/","/","/","/","/","/"
"614704b70f166b8e49b13b67","Ps1E1","/","/","/","/","/","/","/","/"
"61644fb611c6cc3357cd781b","Ps1E1","/","/","/","/","/","/","/","/"
"6163f8a826c9b98b20139416","Ps1E1","/","/","/","/","/","/","/","/"
"6160c8f657e3c4094b01614a","Ps1E1","/","/","/","/","/","/","/","/"
"6156ed1352bdd692111c8f88","Ps1E1","/","/","/","/","/","/","/","/"
"5bf14444f4d94900011ca562","Ps1E1","/","/","/","/","/","/","/","/"
"61476fea8e60a626ccc15542","Ps1E1","/","/","/","/","/","/","/","/"
"6158174cd650020a3255fb09","Ps1E1","/","/","/","/","/","/","/","/"
"615b70cbe5247d5bed134150","Ps1E1","/","/","/","/","/","/","/","/"
"615c0c534a57c48de81d4648","Ps1E1","/","/","/","/","/","/","/","/"
"6163fdb7c9b801d474799440","Ps1E1","/","/","/","/","/","/","/","/"
"5af196e1e1b5b8000148ac76","Ps1E1","/","/","/","/","/","/","/","/"
"61570965e1ca5c1992a569e3","Ps1E1","/","/","/","/","/","/","/","/"
"58f368386eec530001c28cd5","Ps1E1","/","/","/","/","/","/","/","/"
"6157631e419cd49bb2a2c852","Ps1E1","/","/","/","/","/","/","/","/"
"6161e9289e5e2f9c0840f65f","Ps1E1","/","/","/","/","/","/","/","/"
"615f338fdbb7744db42e0f7f","Ps1E1","/","/","/","/","/","/","/","/"
"615f351fd9dcdb5ae948f534","Ps1E1","/","/","/","/","/","/","/","/"
"60455b1578f6f36a3e8ea81c","Ps1E1","/","/","/","/","/","/","/","/"
"5c1b3c29bdb7e80001833be1","Ps1E1","/","/","/","/","/","/","/","/"
"5bb7464f8f3bd70001e62cc2","Ps1E1","/","/","/","/","/","/","/","/"
"5ee4c4b42c280d1cd26cfe3d","Ps1E1","/","/","/","/","/","/","/","/"
"615ed991c284df94dbcc3e88","Ps1E1","/","/","/","/","/","/","/","/"
"5d2c704b0a52d4001dafa64e","Ps1E1","/","/","/","/","/","/","/","/"
"5b9e9390864aa900018eb8f0","Ps1E1","/","/","/","/","/","/","/","/"
"61518742af2f6094e92bace1","Ps1E1","/","/","/","/","/","/","/","/"
"5f04897c55133b0a3ee2e84e","Ps1E1","/","/","/","/","/","/","/","/"
"616431919ac6fe4059fd9254","Ps1E1","/","/","/","/","/","/","/","/"
"61439a0ecc28e565000af7e6","Ps1E1","/","/","/","/","/","/","/","/"
"6128e1f93bcece6ee96d1026","Ps1E1","/","/","/","/","/","/","/","/"
"5e6e6497d33339419afd90f9","Ps1E1","/","/","/","/","/","/","/","/"
"5d229761ef44b700185f018d","Ps1E1","/","/","/","/","/","/","/","/"
"5da78f61a60c0d0017d6ed89","Ps1E1","/","/","/","/","/","/","/","/"
"61533cbabc329c1e5dc96d2f","Ps1E1","/","/","/","/","/","/","/","/"
"5bb9b356ac45e60001316892","Ps1E1","/","/","/","/","/","/","/","/"
"6081aa9dda5d04bf29e19e7e","Ps1E1","/","/","/","/","/","/","/","/"
"61598b779eec3af5209760e7","Ps1E1","/","/","/","/","/","/","/","/"
"61685f0386d925ad6243c32c","Ps1E1","/","/","/","/","/","/","/","/"
"610aab734b23c2efa037e4e3","Ps1E1","/","/","/","/","/","/","/","/"
"5b54b161cba011000152e56c","Ps1E1","/","/","/","/","/","/","/","/"
"6166b6670d75aa14e7281956","Ps1E1","/","/","/","/","/","/","/","/"
"6148b9063ca56424f9fca308","Ps1E1","/","/","/","/","/","/","/","/"
"5c929e7b18adb600131a667a","Ps1E1","/","/","/","/","/","/","/","/"
"6148d20faa1fb74b7118768f","Ps1E1","/","/","/","/","/","/","/","/"
